{"cameraMode":{"drawMode":0,"name":"Shaded","section":"Shading Mode"},"sceneLighting":false,"audioPlay":false,"sceneViewState":{"m_AlwaysRefresh":false,"showFog":true,"showSkybox":true,"showFlares":true,"showImageEffects":true,"showParticleSystems":true,"showVisualEffectGraphs":true,"m_FxEnabled":true},"in2DMode":false,"pivot":{"x":28.831857681274415,"y":25.916053771972658,"z":17.505788803100587},"rotation":{"x":0.4225597381591797,"y":-0.4121014177799225,"z":0.22449196875095368,"w":0.7754392027854919},"size":11.901037216186524,"orthographic":false}